instrument_name,instrument_label
header,"Header"
ivp_z1,"IVP Z1: Form Checklist"
ivp_a1,"IVP A1: Subject Demographics"
ivp_a2,"IVP A2: Co-participant Demographics"
ivp_a3,"IVP A3: Subject Family History"
ivp_a4,"IVP A4: Subject Medications"
ivp_a5,"IVP A5: Subject Health History"
ivp_b1,"IVP B1: Evaluation Form - Physical"
b2_evaluation_form_his_and_cvd,"IVP B2: Evaluation Form His And Cvd"
b3_evaluation_form_updrs,"IVP B3: Evaluation Form Updrs"
ivp_b4,"IVP B4: Global Staging - CDR: Standard and Supplemental"
ivp_b5,"IVP B5: Behavioral Assessment - NPI-Q"
ivp_b6,"IVP B6: Behavioral Assessment - GDS"
ivp_b7,"IVP B7: Functional Assessment - FAQ"
ivp_b8,"IVP B8: Evaluation - Neurological Exam Findings"
ivp_b9,"IVP B9: Clinician Judgment of Symptoms"
ivp_c1s,"IVP C1S: MMSE and Neuropsychological Battery (Temporary Spanish Module)"
ivp_c2,"IVP C2: Neuropsychological Battery Scores"
ivp_d1,"IVP D1: Clinician Diagnosis"
ivp_d2,"IVP D2: Clinician-assessed Medical Conditions"
neuropathology,"Neuropathology"
fvp_z1,"FVP Z1: Form Checklist"
fvp_a1,"FVP A1: Subject Demographics"
fvp_a2,"FVP A2: Co-participant Demographics"
fvp_a3,"FVP A3: Subject Family History"
fvp_a4,"FVP A4: Subject Medications"
fvp_b1,"FVP B1: Evaluation Form - Physical"
fvp_b4,"FVP B4: Global Staging - CDR: Standard and Supplemental"
fvp_b5,"FVP B5: Behavioral Assessment - NPI-Q"
fvp_b6,"FVP B6: Behavioral Assessment - GDS"
fvp_b7,"FVP B7: Functional Assessment - FAQ"
fvp_b8,"FVP B8: Evaluation - Neurological Exam Findings"
fvp_b9,"FVP B9: Clinician Judgement of Symptoms"
fvp_c1,"FVP C1: Neuropsychological Battery Scores"
fvp_c2,"FVP C2: Neuropsychological Battery Scores"
fvp_d1,"FVP D1: Clinician Diagnosis"
fvp_d2,"FVP D2: Clinician-assessed Medical Conditions"
apathy_scale,"Apathy Scale"
physical_self_maintenance_scale_psms,"Physical Self Maintenance Scale PSMS"
self_evaluation_questionnaire,"Self Evaluation Questionnaire"
adcs_mci_activities_of_daily_living_invent,"ADCS MCI Activities Of Daily Living Inventory"
mental_health_screen,"Mental Health Screen"
cortical_symptom_checklist,"Cortical Symptom Checklist"
cognitive_function_index_participant,"Cognitive Function Index Participant"
cognitive_function_index_study_partner,"Cognitive Function Index Study Partner"
fl4_modified_cdr_rating,"FL4: Modified CDR Rating"
fl4s_modified_cdr_rating,"FL4S: Modified CDR Rating"
fl9_neuropsychological_battery,"FL9: Neuropsychological Battery"
fl9s_neuropsychological_battery,"FL9S: Neuropsychological Battery"
ordt_opat_form,"FL10: ORDT and OPAT Battery"
freesurfer_aseg_data_capture,"Freesurfer Aseg Data Capture"
freesurfer_aparc_data_capture,"Freesurfer Aparc Data Capture"
